TransactionID,CustomerID,Product,Category,Amount,Date
T000001,C13278,Office Chair,OFFICE SUPPLIES,698.45,2025-12-21
T000002,C23434,Desk Lamp,office supplies,1855.56,2025-09-30
T000003,TEST014,Laptop,electronics,12.68,2025-12-23
T000004,C88907,Laptop,electronics,1409.69,2025-09-03
T000005,C64987,Monitor,electronics,1131.28,2025-12-07
T000006,C10851,Notebook,Office Supplies,2017.46,2025-08-22
T000007,C46421,Keyboard,Electronics,550.05,2025-11-22
T000008,C59797,Mouse,ELECTRONICS,907.06,2025-11-20
T000009,C15695,Office Chair,OFFICE SUPPLIES,1156.67,2026-01-16
T000010,C59615,Mouse,ELECTRONICS,1386.82,2025-09-09
T000011,C57400,Laptop Bag,accessories,492.84,2026-01-30
T000012,TEST008,Notebook,Office Supplies,36.04,2026-01-27
T000013,C23238,USB Cable,accessories,705.76,2025-09-07
T000014,C31319,Headphones,Electronics,897.85,2025-08-29
T000015,C99593,Desk Lamp,office supplies,192.44,2025-09-07
T000016,C42087,Keyboard,Electronics,1163.72,2025-12-09
T000017,C93886,Office Chair,OFFICE SUPPLIES,1399.02,2025-08-25
T000018,C17331,Monitor,electronics,2057.18,2025-11-28
T000019,C18675,Monitor,electronics,2284.14,2025-09-24
T000020,C51245,Monitor,electronics,1643.77,2025-11-07
T000021,C94259,HDMI Cable,ACCESSORIES,370.04,2026-01-12
T000022,C83579,Phone Charger,Accessories,667.91,2025-09-20
T000023,C86484,USB Cable,accessories,914.56,2026-01-12
T000024,C21915,Notebook,Office Supplies,132.08,2026-01-19
T000025,C30969,Notebook,Office Supplies,1706.0,2025-09-17
T000026,TEST013,Laptop Bag,accessories,99.65,2025-10-04
T000027,C82512,Pen Set,office supplies,2356.94,2025-08-26
T000028,C99353,Stapler,OFFICE SUPPLIES,1349.37,2025-12-10
T000029,C54587,Mouse,ELECTRONICS,744.35,2026-01-07
T000030,C44522,Phone Charger,Accessories,1908.48,2025-10-10
T000031,C91959,Webcam,ELECTRONICS,2106.55,2025-10-10
T000032,C30032,Headphones,Electronics,1909.84,2025-10-01
T000033,C79514,Stapler,OFFICE SUPPLIES,16.42,2025-11-26
T000034,C24662,Stapler,OFFICE SUPPLIES,917.01,2025-11-30
T000035,C41571,Stapler,OFFICE SUPPLIES,1424.88,2026-01-27
T000036,TEST016,Pen Set,office supplies,16.23,2025-10-03
T000037,C26828,Desk Lamp,office supplies,1196.08,2025-09-29
T000038,C79163,Pen Set,office supplies,1522.39,2025-12-24
T000039,C36365,Office Chair,OFFICE SUPPLIES,789.61,2025-08-29
T000040,C67422,Stapler,OFFICE SUPPLIES,1301.18,2026-01-17
T000041,C18392,Headphones,Electronics,67.27,2025-09-28
T000042,C38864,Laptop,electronics,191.42,2025-09-08
T000043,TEST003,Stapler,OFFICE SUPPLIES,12.83,2025-11-24
T000044,TEST008,Webcam,ELECTRONICS,70.21,2025-12-24
T000045,C84847,Laptop Bag,accessories,1189.59,2025-10-18
T000046,C34957,Mouse,ELECTRONICS,255.87,2025-10-29
T000047,C63883,HDMI Cable,ACCESSORIES,2161.63,2026-02-03
T000048,C94696,Mouse,ELECTRONICS,165.62,2025-11-22
T000049,C24322,Monitor,electronics,491.1,2025-10-02
T000050,C65296,Keyboard,Electronics,707.18,2025-12-15
T000051,C19880,HDMI Cable,ACCESSORIES,2022.94,2025-09-29
T000052,TEST018,Pen Set,office supplies,11.33,2026-01-24
T000053,C40982,Keyboard,Electronics,1024.94,2025-10-16
T000054,C62565,Stapler,OFFICE SUPPLIES,160.71,2025-11-11
T000055,TEST013,Webcam,ELECTRONICS,93.39,2025-10-23
T000056,C82845,Desk Lamp,office supplies,1800.24,2026-01-08
T000057,C38534,Laptop,electronics,1454.26,2025-10-01
T000058,TEST011,Laptop,electronics,14.51,2025-10-17
T000059,C79615,Keyboard,Electronics,156.35,2025-10-09
T000060,TEST006,Mouse,ELECTRONICS,63.55,2025-08-28
T000061,C62923,Mouse,ELECTRONICS,2354.87,2025-09-24
T000062,C87924,Laptop,electronics,1554.16,2025-11-01
T000063,C84085,Phone Charger,Accessories,801.18,2025-12-12
T000064,C51180,Monitor,electronics,675.05,2026-01-14
T000065,C49321,HDMI Cable,ACCESSORIES,800.7,2026-01-29
T000066,TEST020,Laptop Bag,accessories,99.65,2026-01-29
T000067,C76307,Webcam,ELECTRONICS,344.15,2025-11-19
T000068,C42018,Headphones,Electronics,723.19,2025-10-27
T000069,C49651,Laptop Bag,accessories,2459.88,2025-09-02
T000070,C97538,Pen Set,office supplies,1393.19,2025-08-31
T000071,C27601,Webcam,ELECTRONICS,301.84,2026-01-20
T000072,C30374,Webcam,ELECTRONICS,715.16,2025-12-25
T000073,C36685,Desk Lamp,office supplies,1591.08,2025-12-11
T000074,C42914,Stapler,OFFICE SUPPLIES,2271.78,2026-02-03
T000075,TEST014,Pen Set,office supplies,34.9,2026-02-16
T000076,C27146,Desk Lamp,office supplies,2449.8,2026-01-06
T000077,C82309,Office Chair,OFFICE SUPPLIES,,2026-02-14
T000078,C29536,Phone Charger,Accessories,104.53,2025-11-14
T000079,C29410,USB Cable,accessories,331.7,2025-11-30
T000080,C15229,Stapler,OFFICE SUPPLIES,904.16,2025-08-26
T000081,C23473,Headphones,Electronics,1953.59,2025-11-04
T000082,C30257,Stapler,OFFICE SUPPLIES,2325.75,2026-01-06
T000083,C33206,Stapler,OFFICE SUPPLIES,1039.55,2026-01-02
T000084,C53540,Notebook,Office Supplies,2328.08,2025-08-29
T000085,C42527,Webcam,ELECTRONICS,410.61,2025-08-21
T000086,C15075,Pen Set,office supplies,1184.66,2025-12-27
T000087,C70332,Headphones,Electronics,773.4,2025-12-20
T000088,C96511,Monitor,electronics,1005.19,2025-12-07
T000089,C46585,Headphones,Electronics,1609.08,2025-11-06
T000090,C80282,Headphones,Electronics,2349.0,2026-01-18
T000091,C44237,Keyboard,Electronics,1457.77,2025-12-11
T000092,TEST020,USB Cable,accessories,41.11,2025-11-28
T000093,C77033,Mouse,ELECTRONICS,972.21,2025-09-22
T000094,C15817,Office Chair,OFFICE SUPPLIES,1098.6,
T000095,C80575,Desk Lamp,office supplies,1802.78,2025-08-29
T000096,C66531,Mouse,ELECTRONICS,2372.95,2025-11-24
T000097,C96951,Pen Set,office supplies,324.69,2025-12-02
T000098,C97410,USB Cable,accessories,825.56,2025-08-22
T000099,C26683,Monitor,electronics,1059.81,2025-11-11
T000100,C32810,Laptop Bag,accessories,1429.23,2025-11-05
T000101,C10053,Webcam,ELECTRONICS,727.98,
T000102,C89516,Desk Lamp,office supplies,815.79,2025-10-26
T000103,C38010,Phone Charger,Accessories,1190.87,2026-01-04
T000104,C47196,Phone Charger,Accessories,1664.68,2025-09-11
T000105,C40784,Desk Lamp,office supplies,786.39,2025-12-28
T000106,C16057,Monitor,electronics,2460.08,2025-09-13
T000107,C19545,HDMI Cable,ACCESSORIES,1044.89,2025-09-08
T000108,C60328,HDMI Cable,ACCESSORIES,1008.14,2026-01-10
T000109,C10726,Stapler,OFFICE SUPPLIES,1881.15,2026-01-20
T000110,C38683,Keyboard,Electronics,2013.21,2025-08-22
T000111,C16582,Phone Charger,Accessories,634.26,2026-01-16
T000112,C70901,Desk Lamp,office supplies,1334.86,2025-09-26
T000113,C68008,Laptop Bag,accessories,2040.29,2025-10-10
T000114,C81810,HDMI Cable,ACCESSORIES,2244.56,2025-10-18
T000115,C42406,Pen Set,office supplies,1599.59,2025-10-06
T000116,C41358,Webcam,ELECTRONICS,1108.08,2025-12-05
T000117,C54020,Headphones,Electronics,2234.17,2026-01-27
T000118,C40311,USB Cable,accessories,1739.47,2025-08-20
T000119,C64377,USB Cable,accessories,837.24,2025-10-20
T000120,C37110,Pen Set,office supplies,1059.06,2025-09-20
T000121,C12560,Pen Set,office supplies,2203.43,2025-09-22
T000122,C10772,Headphones,Electronics,757.05,2025-11-09
T000123,C64921,Phone Charger,Accessories,1872.58,2025-09-30
T000124,C38906,HDMI Cable,ACCESSORIES,560.26,2025-10-28
T000125,C60968,Headphones,Electronics,1677.15,2025-11-05
T000126,C71261,Stapler,OFFICE SUPPLIES,332.16,2025-09-10
T000127,C61645,Laptop Bag,accessories,1417.51,2026-02-10
T000128,TEST014,Keyboard,Electronics,88.02,2026-01-01
T000129,TEST013,Headphones,Electronics,29.05,2025-11-25
T000130,C59692,Webcam,ELECTRONICS,1883.74,2025-11-01
T000131,C20735,HDMI Cable,ACCESSORIES,63.17,2025-10-01
T000132,TEST012,Monitor,electronics,68.51,2025-09-03
T000133,TEST001,Monitor,electronics,27.94,2026-02-11
T000134,C41266,Keyboard,Electronics,1191.8,2026-01-18
T000135,C38569,HDMI Cable,ACCESSORIES,1753.17,2025-11-14
T000136,C89593,Office Chair,OFFICE SUPPLIES,1800.12,2026-01-06
T000137,C24168,Laptop Bag,accessories,,2025-11-29
T000138,C59192,USB Cable,accessories,2354.55,2025-12-28
T000139,TEST008,Mouse,ELECTRONICS,72.75,2025-12-01
T000140,C88697,Notebook,Office Supplies,315.82,2025-09-25
T000141,C55508,Phone Charger,Accessories,1079.52,2025-11-14
T000142,TEST011,Laptop,electronics,86.46,2025-10-14
T000143,C57472,Desk Lamp,office supplies,2230.56,2025-10-22
T000144,C67080,Keyboard,Electronics,1838.48,2025-09-03
T000145,C80539,Notebook,Office Supplies,1216.49,2025-10-28
T000146,C87656,Webcam,ELECTRONICS,815.93,2025-12-16
T000147,C21359,Webcam,ELECTRONICS,2205.85,2025-12-16
T000148,C84691,Laptop Bag,accessories,1675.45,2025-11-22
T000149,TEST011,Keyboard,Electronics,53.88,2025-11-18
T000150,C54608,Webcam,ELECTRONICS,2202.6,2025-08-21
T000151,C82848,Laptop,electronics,1298.82,2025-12-30
T000152,TEST014,HDMI Cable,ACCESSORIES,59.97,2025-12-17
T000153,C94659,Office Chair,OFFICE SUPPLIES,1234.69,2026-02-12
T000154,TEST008,USB Cable,accessories,72.26,2025-11-30
T000155,C58368,HDMI Cable,ACCESSORIES,1390.38,2025-11-20
T000156,C82140,Headphones,Electronics,889.25,2025-10-23
T000157,C42951,Monitor,electronics,314.83,2025-12-29
T000158,C80236,Notebook,Office Supplies,1730.06,2025-12-29
T000159,C73464,Webcam,ELECTRONICS,1815.59,2025-10-05
T000160,C23176,Pen Set,office supplies,497.38,2025-12-20
T000161,C49618,Laptop,electronics,1774.43,2026-01-15
T000162,C17146,Phone Charger,Accessories,740.96,2026-01-15
T000163,C74340,Mouse,ELECTRONICS,2183.71,2025-09-23
T000164,C72746,HDMI Cable,ACCESSORIES,861.65,2026-02-03
T000165,C72616,Mouse,ELECTRONICS,2057.96,2025-11-06
T000166,C85631,Desk Lamp,office supplies,1720.83,2026-01-09
T000167,C83772,Webcam,ELECTRONICS,226.67,2025-12-15
T000168,C64548,Laptop Bag,accessories,1496.38,2025-09-11
T000169,C78494,USB Cable,accessories,1134.53,2025-10-26
T000170,C87139,USB Cable,accessories,773.87,2025-09-11
T000171,TEST004,Notebook,Office Supplies,28.7,2025-12-24
T000172,C20641,Keyboard,Electronics,611.06,2025-09-28
T000173,TEST001,USB Cable,accessories,50.55,2025-09-17
T000174,C14278,Monitor,electronics,730.94,2025-12-06
T000175,C69510,Mouse,ELECTRONICS,1723.15,2025-12-11
T000176,C91927,Laptop Bag,accessories,1658.04,2025-12-28
T000177,C81376,Monitor,electronics,1624.37,2025-12-10
T000178,C19359,Laptop,electronics,427.32,2025-11-30
T000179,C84607,Stapler,OFFICE SUPPLIES,732.2,2026-01-16
T000180,C49857,Office Chair,OFFICE SUPPLIES,1015.23,2025-12-09
T000181,C74722,HDMI Cable,ACCESSORIES,214.9,2026-02-06
T000182,C52247,Laptop Bag,accessories,637.16,2026-01-24
T000183,C98381,Pen Set,office supplies,2153.38,2025-09-19
T000184,C98117,Pen Set,office supplies,684.73,2026-02-06
T000185,C32962,HDMI Cable,ACCESSORIES,1304.63,2025-10-26
T000186,C33788,Laptop Bag,accessories,1098.17,2025-10-14
T000187,C71605,Headphones,Electronics,1029.75,2025-11-26
T000188,C31079,Headphones,Electronics,1037.94,2025-10-13
T000189,C62488,Pen Set,office supplies,1904.84,2026-02-07
T000190,C51224,Webcam,ELECTRONICS,818.34,2025-11-05
T000191,C10150,Desk Lamp,office supplies,2175.38,2025-10-21
T000192,C34586,Phone Charger,Accessories,914.02,2025-10-12
T000193,C16764,Monitor,electronics,678.63,2026-01-14
T000194,C67424,Stapler,OFFICE SUPPLIES,1750.15,2026-01-16
T000195,TEST020,Notebook,Office Supplies,31.54,2026-01-07
T000196,C11792,Phone Charger,Accessories,1028.86,2025-12-21
T000197,C24871,HDMI Cable,ACCESSORIES,2368.45,2025-09-04
T000198,C75323,Stapler,OFFICE SUPPLIES,1795.76,2025-10-09
T000199,C64459,Pen Set,office supplies,1214.01,2025-10-19
T000200,C82255,Keyboard,Electronics,968.21,2025-09-16
T000201,C27892,Pen Set,office supplies,188.48,2025-11-02
T000202,C76550,Webcam,ELECTRONICS,2054.07,2025-12-06
T000203,C86931,Laptop Bag,accessories,2497.27,2025-10-14
T000204,C68529,Phone Charger,Accessories,1218.59,2025-11-23
T000205,C81228,USB Cable,accessories,1146.53,2025-11-26
T000206,C41300,Laptop Bag,accessories,966.68,2025-11-03
T000207,TEST016,Office Chair,OFFICE SUPPLIES,92.21,2025-11-11
T000208,C96991,Notebook,Office Supplies,2054.56,2026-01-09
T000209,C14852,Keyboard,Electronics,1263.19,2025-09-18
T000210,C23154,Pen Set,office supplies,2114.92,2026-01-22
T000211,C69890,Laptop,electronics,1810.27,2025-11-04
T000212,C30232,Mouse,ELECTRONICS,1181.68,2025-12-11
T000213,C62098,Desk Lamp,office supplies,214.58,2025-11-24
T000214,C79942,USB Cable,accessories,2386.04,2025-09-09
T000215,C73956,Pen Set,office supplies,1359.42,2025-09-11
T000216,TEST010,Monitor,electronics,77.21,2025-10-28
T000217,C93066,Office Chair,OFFICE SUPPLIES,2183.36,2025-10-26
T000218,C49251,Stapler,OFFICE SUPPLIES,86.93,2025-11-25
T000219,C48452,Headphones,Electronics,946.48,2026-01-10
T000220,C64008,Laptop Bag,accessories,1709.27,2026-01-01
T000221,C20350,Laptop Bag,accessories,2179.04,2025-09-11
T000222,C75230,Stapler,OFFICE SUPPLIES,1464.15,2025-12-19
T000223,C43289,HDMI Cable,ACCESSORIES,649.49,2026-02-14
T000224,C70981,Stapler,OFFICE SUPPLIES,729.76,2025-09-30
T000225,C67898,Headphones,Electronics,2469.31,2025-12-02
T000226,C65615,Office Chair,OFFICE SUPPLIES,636.49,2025-12-01
T000227,C60422,Pen Set,office supplies,1215.77,2025-12-18
T000228,C57049,Laptop Bag,accessories,750.24,2025-08-21
T000229,C96275,USB Cable,accessories,697.08,2025-09-25
T000230,C16428,Stapler,OFFICE SUPPLIES,1521.92,2025-10-12
T000231,C47512,Notebook,Office Supplies,2000.17,2025-09-14
T000232,C38705,Desk Lamp,office supplies,487.48,2025-12-14
T000233,C96400,Desk Lamp,office supplies,2098.27,2025-09-09
T000234,TEST002,Webcam,ELECTRONICS,80.97,2026-02-08
T000235,C27224,Mouse,ELECTRONICS,2275.43,2025-11-25
T000236,C33021,Monitor,electronics,343.42,2025-10-01
T000237,C57953,Phone Charger,Accessories,1261.96,2025-12-09
T000238,C43681,Stapler,OFFICE SUPPLIES,2064.35,2025-10-16
T000239,C48684,Office Chair,OFFICE SUPPLIES,2177.94,2026-01-18
T000240,C19869,Keyboard,Electronics,1889.07,2025-12-21
T000241,C98395,USB Cable,accessories,2418.67,2025-09-27
T000242,C61717,Laptop,electronics,672.18,2026-01-16
T000243,C98188,Office Chair,OFFICE SUPPLIES,1685.77,2025-09-20
T000244,C93695,Headphones,Electronics,284.24,2025-12-19
T000245,C91205,Stapler,OFFICE SUPPLIES,2358.78,2025-11-25
T000246,C39015,Desk Lamp,office supplies,172.09,2025-10-21
T000247,C49608,Desk Lamp,office supplies,1029.62,2026-01-12
T000248,TEST002,Webcam,ELECTRONICS,99.63,2026-01-18
T000249,TEST018,Keyboard,Electronics,44.98,2025-11-14
T000250,C80804,USB Cable,accessories,1474.54,2026-01-08
T000251,C95841,Mouse,ELECTRONICS,2086.73,2025-09-12
T000252,C46666,Laptop,electronics,1730.35,2025-12-23
T000253,C40947,Pen Set,office supplies,916.27,2025-08-25
T000254,C94518,Headphones,Electronics,165.47,2025-12-08
T000255,C26011,Pen Set,office supplies,2063.11,2026-01-24
T000256,C94109,Desk Lamp,office supplies,1498.91,2026-02-11
T000257,TEST011,Monitor,electronics,98.99,2025-09-25
T000258,C82641,Monitor,electronics,1472.16,2025-12-19
T000259,C29340,Notebook,Office Supplies,2252.82,2026-02-16
T000260,C28964,Keyboard,Electronics,1357.44,2026-01-03
T000261,C13379,Keyboard,Electronics,51.93,2025-12-18
T000262,C12068,Keyboard,Electronics,674.44,2026-01-15
T000263,C78955,Mouse,ELECTRONICS,1867.98,2025-10-18
T000264,C57453,Phone Charger,Accessories,1490.26,2025-10-24
T000265,C90623,Laptop,electronics,1822.2,
T000266,C70036,Desk Lamp,office supplies,2410.61,2026-02-01
T000267,C62640,USB Cable,accessories,1719.95,2025-10-14
T000268,C68138,Mouse,ELECTRONICS,2249.68,2025-11-26
T000269,C18609,Keyboard,Electronics,698.41,2025-09-07
T000270,C52622,USB Cable,accessories,2486.65,2025-10-04
T000271,C76263,Laptop Bag,accessories,1084.05,2025-08-21
T000272,C95814,Desk Lamp,office supplies,2196.1,2025-09-28
T000273,C38183,USB Cable,accessories,1137.11,2025-12-20
T000274,C69441,USB Cable,accessories,1048.73,2026-01-23
T000275,C50963,Desk Lamp,office supplies,648.4,2026-01-08
T000276,C72163,Mouse,ELECTRONICS,241.69,2026-01-26
T000277,TEST004,Office Chair,OFFICE SUPPLIES,76.49,2026-01-14
T000278,C86869,Phone Charger,Accessories,1410.78,2025-08-29
T000279,C56346,Pen Set,office supplies,1668.37,2025-10-31
T000280,C16743,Webcam,ELECTRONICS,1507.02,2025-11-18
T000281,C76507,Monitor,electronics,,2025-10-16
T000282,C24184,Headphones,Electronics,2115.75,2025-11-14
T000283,C46512,Laptop Bag,accessories,577.01,2025-10-30
T000284,C91490,Laptop Bag,accessories,1692.32,2025-09-27
T000285,TEST009,Laptop,electronics,26.24,2025-08-21
T000286,C54541,Headphones,Electronics,30.17,2026-01-11
T000287,C62531,Mouse,ELECTRONICS,367.56,2025-09-07
T000288,C22026,Office Chair,OFFICE SUPPLIES,1333.25,2025-11-12
T000289,C54681,Keyboard,Electronics,934.58,2025-11-25
T000290,C84395,Laptop Bag,accessories,226.12,2026-02-03
T000291,C90981,Laptop,electronics,1689.81,2025-12-09
T000292,C65576,HDMI Cable,ACCESSORIES,1523.58,2025-11-02
T000293,C77154,Mouse,ELECTRONICS,872.75,2026-01-19
T000294,C98930,Laptop Bag,accessories,1224.28,2025-08-30
T000295,C38903,USB Cable,accessories,2461.35,2026-02-02
T000296,TEST010,Monitor,electronics,79.06,2025-12-13
T000297,C25726,Laptop,electronics,1251.0,2025-10-29
T000298,C59834,Phone Charger,Accessories,1763.62,2025-10-11
T000299,C97562,Notebook,Office Supplies,895.11,2025-11-07
T000300,C15544,USB Cable,accessories,61.57,2026-01-28
T000301,C85465,USB Cable,accessories,1439.9,2025-09-06
T000302,C25096,USB Cable,accessories,66.83,2025-11-25
T000303,C91018,HDMI Cable,ACCESSORIES,2082.58,2025-11-16
T000304,TEST004,Monitor,electronics,49.21,2025-11-06
T000305,C61873,Pen Set,office supplies,786.03,2025-11-22
T000306,C32037,Mouse,ELECTRONICS,1283.55,2026-01-18
T000307,C35415,Stapler,OFFICE SUPPLIES,1943.93,2025-11-19
T000308,C94599,Pen Set,office supplies,382.01,2026-01-21
T000309,C35856,Keyboard,Electronics,1511.96,2025-09-02
T000310,TEST016,HDMI Cable,ACCESSORIES,77.9,2025-09-21
T000311,C83989,Desk Lamp,office supplies,1593.72,2025-09-10
T000312,C92210,Headphones,Electronics,390.13,2026-01-30
T000313,C92756,Webcam,ELECTRONICS,1993.88,2025-09-18
T000314,TEST017,Mouse,ELECTRONICS,37.94,2025-10-24
T000315,TEST012,Pen Set,office supplies,35.84,2025-09-04
T000316,C21835,Laptop Bag,accessories,1491.29,2025-11-10
T000317,C82655,Notebook,Office Supplies,1851.22,2026-02-06
T000318,C84928,Desk Lamp,office supplies,482.78,2025-09-15
T000319,C29773,Laptop,electronics,1134.55,2025-11-21
T000320,C21053,Phone Charger,Accessories,,2026-02-06
T000321,C67377,HDMI Cable,ACCESSORIES,1317.31,2025-09-13
T000322,C58870,Stapler,OFFICE SUPPLIES,717.99,2025-11-04
T000323,C98984,Laptop Bag,accessories,145.13,2025-09-08
T000324,C18639,Headphones,Electronics,249.85,2025-08-27
T000325,C43029,Office Chair,OFFICE SUPPLIES,2131.14,2025-09-15
T000326,C53694,Mouse,ELECTRONICS,1463.11,2026-01-11
T000327,C50662,Desk Lamp,office supplies,1750.72,2025-11-08
T000328,C21104,Webcam,ELECTRONICS,1403.92,2025-09-05
T000329,C26750,Desk Lamp,office supplies,1761.53,2025-08-25
T000330,C22249,Desk Lamp,office supplies,1681.08,2025-10-09
T000331,C57526,Webcam,ELECTRONICS,462.95,2025-12-24
T000332,C73736,Monitor,electronics,577.96,2026-01-12
T000333,C48770,Pen Set,office supplies,1973.48,2025-10-10
T000334,C79013,Laptop,electronics,1659.89,2025-09-11
T000335,C59377,Keyboard,Electronics,418.18,2025-08-23
T000336,C31697,Office Chair,OFFICE SUPPLIES,1102.62,2025-11-03
T000337,C41133,HDMI Cable,ACCESSORIES,1532.33,2025-10-25
T000338,C41348,Webcam,ELECTRONICS,2414.51,2025-10-19
T000339,C35430,Headphones,Electronics,1700.59,2025-09-23
T000340,C70513,Notebook,Office Supplies,715.2,2025-11-11
T000341,C64874,Keyboard,Electronics,2044.97,2025-09-15
T000342,C42768,Laptop,electronics,1608.33,2025-11-13
T000343,C23446,Office Chair,OFFICE SUPPLIES,2117.04,2026-01-16
T000344,C31012,Webcam,ELECTRONICS,1131.56,2025-10-08
T000345,C67340,Mouse,ELECTRONICS,2366.84,2025-12-22
T000346,C55820,Stapler,OFFICE SUPPLIES,81.28,2026-02-03
T000347,C59015,Monitor,electronics,974.62,2026-01-27
T000348,C13694,Headphones,Electronics,2328.1,2025-09-03
T000349,C29142,Keyboard,Electronics,110.18,2025-10-19
T000350,C28191,Notebook,Office Supplies,1768.26,2025-10-25
T000351,C20384,Laptop,electronics,650.97,2026-01-09
T000352,C89807,Phone Charger,Accessories,1066.79,2025-12-05
T000353,C25970,Laptop,electronics,607.52,2025-09-06
T000354,C69914,Mouse,ELECTRONICS,290.48,2025-10-12
T000355,C12154,Desk Lamp,office supplies,1295.71,2025-12-17
T000356,C48177,USB Cable,accessories,18.89,2025-11-18
T000357,C64600,Keyboard,Electronics,1665.96,2026-01-26
T000358,C57265,Mouse,ELECTRONICS,2384.21,2025-09-30
T000359,C76535,Phone Charger,Accessories,65.53,2025-10-19
T000360,TEST013,Headphones,Electronics,32.83,2026-02-12
T000361,C18855,Headphones,Electronics,614.2,2025-09-01
T000362,C86271,Office Chair,OFFICE SUPPLIES,1895.35,2026-01-13
T000363,TEST018,Headphones,Electronics,83.22,2026-01-03
T000364,C99742,HDMI Cable,ACCESSORIES,2452.34,2025-10-17
T000365,C27675,Mouse,ELECTRONICS,1794.37,2025-10-22
T000366,TEST007,Laptop,electronics,81.2,2026-02-06
T000367,C50642,Phone Charger,Accessories,1004.59,2025-09-30
T000368,C14799,Notebook,Office Supplies,1622.55,2025-12-05
T000369,C16265,Pen Set,office supplies,1644.49,2025-12-09
T000370,C58237,USB Cable,accessories,2225.37,2025-10-27
T000371,C60678,Headphones,Electronics,2434.7,2025-10-12
T000372,C58148,Stapler,OFFICE SUPPLIES,1996.27,2025-12-10
T000373,C65640,Mouse,ELECTRONICS,1085.06,2026-01-01
T000374,C52101,Mouse,ELECTRONICS,213.97,2025-08-31
T000375,C68447,Laptop Bag,accessories,1798.39,2026-01-05
T000376,C56077,HDMI Cable,ACCESSORIES,120.25,2025-11-18
T000377,C67008,Webcam,ELECTRONICS,1604.08,2026-02-02
T000378,TEST013,Headphones,Electronics,56.18,2025-08-27
T000379,C14081,Keyboard,Electronics,2123.94,2025-08-27
T000380,C14561,Keyboard,Electronics,182.07,2025-09-04
T000381,C60181,Laptop Bag,accessories,95.48,2026-01-08
T000382,C58623,Headphones,Electronics,1118.19,2026-01-28
T000383,C79397,Headphones,Electronics,1004.11,2025-09-03
T000384,C24869,Laptop,electronics,1843.15,2025-10-12
T000385,C83619,Mouse,ELECTRONICS,665.52,2025-12-12
T000386,C38124,Laptop Bag,accessories,724.66,2025-10-14
T000387,C27790,Pen Set,office supplies,199.02,2026-01-03
T000388,C68341,Mouse,ELECTRONICS,2029.13,2025-11-27
T000389,C18511,Phone Charger,Accessories,1362.3,2025-12-02
T000390,C93584,Keyboard,Electronics,1987.34,2025-10-09
T000391,C36342,Notebook,Office Supplies,360.11,2025-10-13
T000392,TEST018,Laptop Bag,accessories,43.2,2025-09-28
T000393,C21300,Mouse,ELECTRONICS,783.59,2025-10-17
T000394,C63665,Pen Set,office supplies,1443.63,
T000395,C94192,Mouse,ELECTRONICS,1133.19,2025-08-26
T000396,C26821,Stapler,OFFICE SUPPLIES,2075.2,2025-09-28
T000397,C33850,Notebook,Office Supplies,2416.17,2025-10-29
T000398,C17263,Pen Set,office supplies,323.54,2026-01-08
T000399,C31229,Headphones,Electronics,2337.82,2025-12-21
T000400,C78012,Stapler,OFFICE SUPPLIES,720.86,2026-01-27
T000401,C93238,Phone Charger,Accessories,697.01,2025-09-09
T000402,C79924,Mouse,ELECTRONICS,1263.89,2026-01-04
T000403,C86106,Keyboard,Electronics,440.43,2025-09-10
T000404,C89316,Headphones,Electronics,2108.69,2025-09-25
T000405,TEST001,Mouse,ELECTRONICS,14.09,2025-09-05
T000406,C44688,Desk Lamp,office supplies,538.86,2025-09-23
T000407,C93753,Laptop,electronics,1252.62,2025-09-09
T000408,C94136,Webcam,ELECTRONICS,1215.12,2025-08-25
T000409,C69446,Mouse,ELECTRONICS,1726.2,2026-01-07
T000410,C73471,HDMI Cable,ACCESSORIES,522.0,2025-09-14
T000411,C51853,Office Chair,OFFICE SUPPLIES,2470.24,2025-11-20
T000412,C27139,Notebook,Office Supplies,,2025-09-26
T000413,C41685,HDMI Cable,ACCESSORIES,319.47,2025-10-24
T000414,C22689,Laptop,electronics,736.18,2025-11-10
T000415,C64805,Monitor,electronics,2407.27,2026-01-07
T000416,C85718,Office Chair,OFFICE SUPPLIES,792.1,2026-01-07
T000417,C77466,HDMI Cable,ACCESSORIES,1254.42,2025-11-30
T000418,C21802,USB Cable,accessories,1271.03,2025-12-17
T000419,C56254,Laptop,electronics,140.59,2025-10-13
T000420,C95755,Desk Lamp,office supplies,1184.41,2025-10-02
T000421,TEST004,USB Cable,accessories,22.05,2025-12-11
T000422,C62855,Headphones,Electronics,127.43,2026-02-03
T000423,C35513,Headphones,Electronics,1389.76,2026-01-29
T000424,C69028,Notebook,Office Supplies,1381.39,2025-09-10
T000425,C25572,Keyboard,Electronics,2438.08,2025-11-08
T000426,C54444,Phone Charger,Accessories,2348.29,2026-01-11
T000427,C76731,USB Cable,accessories,1257.69,2026-02-05
T000428,TEST011,Notebook,Office Supplies,52.64,2025-10-23
T000429,C77568,Keyboard,Electronics,830.0,2025-09-13
T000430,C61505,Laptop Bag,accessories,1852.21,2025-12-02
T000431,C76494,Pen Set,office supplies,1281.64,2025-10-14
T000432,C49294,HDMI Cable,ACCESSORIES,2042.14,2025-11-14
T000433,C24366,USB Cable,accessories,1465.5,2025-08-24
T000434,C88238,HDMI Cable,ACCESSORIES,674.84,2025-09-02
T000435,C85821,Laptop Bag,accessories,580.44,2026-02-03
T000436,C32349,Phone Charger,Accessories,1578.13,2025-09-11
T000437,C59832,Keyboard,Electronics,2056.83,2025-12-16
T000438,TEST004,Monitor,electronics,11.7,2025-11-28
T000439,C64127,Office Chair,OFFICE SUPPLIES,521.67,2025-10-11
T000440,C71814,Pen Set,office supplies,2123.22,2026-02-01
T000441,C77984,Monitor,electronics,1408.8,2025-08-31
T000442,C59391,Headphones,Electronics,2392.36,2025-10-22
T000443,C54869,Phone Charger,Accessories,895.4,2025-08-26
T000444,C44650,Laptop Bag,accessories,1218.19,2025-12-15
T000445,C49124,Monitor,electronics,2354.59,2025-12-02
T000446,C37168,Office Chair,OFFICE SUPPLIES,1766.9,2025-11-27
T000447,C83464,Stapler,OFFICE SUPPLIES,2337.2,2025-12-08
T000448,C85166,Desk Lamp,office supplies,1364.83,2025-11-07
T000449,C29198,Webcam,ELECTRONICS,119.54,2026-01-27
T000450,C67983,Desk Lamp,office supplies,652.26,2025-10-17
T000451,C80592,Webcam,ELECTRONICS,2333.56,2025-08-22
T000452,C24316,Laptop Bag,accessories,1856.11,2025-12-17
T000453,C97796,Stapler,OFFICE SUPPLIES,1334.64,2025-09-06
T000454,C23133,USB Cable,accessories,835.78,2025-10-19
T000455,C28018,Laptop,electronics,2411.83,2026-01-07
T000456,C72350,HDMI Cable,ACCESSORIES,1631.59,2025-12-05
T000457,C94659,Laptop,electronics,2271.22,2026-01-25
T000458,C40437,Phone Charger,Accessories,1850.64,2026-02-07
T000459,C32946,USB Cable,accessories,2207.38,2026-01-02
T000460,C14763,Pen Set,office supplies,1001.53,2025-10-13
T000461,C47941,Stapler,OFFICE SUPPLIES,108.1,2025-12-02
T000462,C24064,Stapler,OFFICE SUPPLIES,2457.74,2025-12-06
T000463,C94058,Phone Charger,Accessories,1317.93,2026-01-13
T000464,C71344,Webcam,ELECTRONICS,494.14,2026-01-19
T000465,C70150,Desk Lamp,office supplies,654.3,2025-12-31
T000466,TEST011,Notebook,Office Supplies,36.55,2025-08-28
T000467,C33002,Laptop Bag,accessories,2142.52,2025-11-05
T000468,C77538,Headphones,Electronics,230.54,2025-08-29
T000469,TEST005,HDMI Cable,ACCESSORIES,39.12,2025-12-15
T000470,TEST013,Monitor,electronics,50.21,2025-12-10
T000471,C49576,Laptop Bag,accessories,1811.36,2026-02-14
T000472,C57127,Office Chair,OFFICE SUPPLIES,602.21,2025-08-30
T000473,C50213,Keyboard,Electronics,1022.46,2025-10-11
T000474,C50760,Office Chair,OFFICE SUPPLIES,306.78,2025-12-03
T000475,C38947,Monitor,electronics,2394.04,2025-10-17
T000476,C89395,Headphones,Electronics,1048.38,2025-09-29
T000477,C80453,Notebook,Office Supplies,1665.27,2025-12-23
T000478,C99173,Notebook,Office Supplies,1495.6,2026-01-27
T000479,C79228,Office Chair,OFFICE SUPPLIES,914.04,2025-09-25
T000480,C81781,Stapler,OFFICE SUPPLIES,1271.14,2025-09-23
T000481,C31566,Headphones,Electronics,2138.4,2025-10-26
T000482,C36922,Office Chair,OFFICE SUPPLIES,1464.12,2026-01-24
T000483,C68390,Notebook,Office Supplies,153.25,2026-01-14
T000484,C69873,Laptop Bag,accessories,158.48,2025-10-21
T000485,C50392,Office Chair,OFFICE SUPPLIES,69.1,2025-12-13
T000486,C38560,Laptop Bag,accessories,196.48,2025-10-31
T000487,C18357,Phone Charger,Accessories,2485.4,2026-01-30
T000488,C71875,Laptop,electronics,728.42,2026-01-01
T000489,C94085,Office Chair,OFFICE SUPPLIES,1620.01,2025-11-01
T000490,C60132,HDMI Cable,ACCESSORIES,2176.01,2025-11-12
T000491,C99486,Desk Lamp,office supplies,2188.27,2026-01-13
T000492,C55582,Mouse,ELECTRONICS,458.51,2025-10-02
T000493,C26691,Office Chair,OFFICE SUPPLIES,2447.13,2026-02-16
T000494,C49107,HDMI Cable,ACCESSORIES,1688.65,2025-09-30
T000495,C59712,Pen Set,office supplies,585.72,2025-10-22
T000496,C46129,Monitor,electronics,2344.46,2026-01-19
T000497,TEST014,Laptop Bag,accessories,78.94,2026-02-12
T000498,C18819,Mouse,ELECTRONICS,1490.95,2025-10-25
T000499,C16380,Monitor,electronics,1855.24,2025-11-06
T000500,C80747,Monitor,electronics,1889.65,2026-02-02
T000501,C47914,Monitor,electronics,2042.23,2025-09-22
T000502,C88370,Notebook,Office Supplies,1686.24,2025-11-26
T000503,C28777,Desk Lamp,office supplies,1310.31,2025-11-03
T000504,C17989,Phone Charger,Accessories,2372.07,2026-01-03
T000505,C65994,Phone Charger,Accessories,1246.62,2025-11-20
T000506,C97994,USB Cable,accessories,1967.72,2025-11-27
T000507,C63511,Keyboard,Electronics,760.22,2025-12-31
T000508,C72065,Monitor,electronics,2125.61,2025-12-02
T000509,C28920,Notebook,Office Supplies,1165.62,2026-02-02
T000510,C64592,Phone Charger,Accessories,1332.03,2025-11-09
T000511,C36651,Headphones,Electronics,1622.06,2025-10-24
T000512,C22119,Phone Charger,Accessories,1815.59,2025-12-30
T000513,TEST013,Desk Lamp,office supplies,64.45,2026-02-06
T000514,C34662,Notebook,Office Supplies,,2025-08-29
T000515,C72835,Monitor,electronics,2175.64,2025-11-23
T000516,C12009,Monitor,electronics,2343.84,2026-01-17
T000517,C72773,Stapler,OFFICE SUPPLIES,617.84,2025-09-15
T000518,C61987,Stapler,OFFICE SUPPLIES,609.74,2025-11-26
T000519,C59894,HDMI Cable,ACCESSORIES,1341.12,2025-11-17
T000520,C57139,Phone Charger,Accessories,2208.79,2025-10-20
T000521,TEST016,Notebook,Office Supplies,85.58,2025-12-26
T000522,C64254,Laptop,electronics,,2025-12-22
T000523,C12125,Webcam,ELECTRONICS,1389.98,2025-09-20
T000524,C64732,Webcam,ELECTRONICS,393.74,2025-11-24
T000525,C84683,Pen Set,office supplies,625.64,2025-09-29
T000526,C99764,Headphones,Electronics,654.46,2025-10-14
T000527,C94108,Office Chair,OFFICE SUPPLIES,1234.13,2026-01-04
T000528,C56160,Keyboard,Electronics,362.8,2025-09-30
T000529,C81058,Desk Lamp,office supplies,2393.73,2025-10-05
T000530,TEST003,Pen Set,office supplies,70.14,2026-02-15
T000531,C92667,Monitor,electronics,183.9,2026-01-09
T000532,TEST017,HDMI Cable,ACCESSORIES,43.59,2025-09-11
T000533,C90808,Stapler,OFFICE SUPPLIES,1215.76,2025-10-15
T000534,TEST018,Phone Charger,Accessories,47.02,2026-02-12
T000535,C46010,Phone Charger,Accessories,2444.04,2026-02-12
T000536,C98346,USB Cable,accessories,2018.33,2026-01-02
T000537,C22624,Phone Charger,Accessories,385.01,2025-12-29
T000538,C43084,Pen Set,office supplies,895.79,2025-11-07
T000539,TEST013,HDMI Cable,ACCESSORIES,60.85,2025-08-22
T000540,C99658,Pen Set,office supplies,2121.95,2025-09-02
T000541,C95182,Notebook,Office Supplies,93.74,2025-11-05
T000542,C82443,HDMI Cable,ACCESSORIES,154.45,2026-02-14
T000543,C20837,HDMI Cable,ACCESSORIES,2115.64,2025-09-04
T000544,C84167,Pen Set,office supplies,2434.99,2025-10-04
T000545,C40115,Monitor,electronics,2254.66,2025-08-23
T000546,C72324,Webcam,ELECTRONICS,130.71,2026-01-28
T000547,C46749,Stapler,OFFICE SUPPLIES,1364.43,2025-09-01
T000548,TEST011,Laptop,electronics,96.53,2025-09-19
T000549,C62205,Stapler,OFFICE SUPPLIES,206.19,2026-01-06
T000550,C84277,Pen Set,office supplies,2125.86,2025-08-27
T000551,C53480,USB Cable,accessories,1892.69,2026-01-12
T000552,C20279,Phone Charger,Accessories,1867.46,2025-11-20
T000553,TEST014,Monitor,electronics,85.48,2025-11-21
T000554,C90460,Laptop Bag,accessories,1000.81,2025-11-25
T000555,TEST009,Notebook,Office Supplies,99.33,2025-10-14
T000556,C82487,USB Cable,accessories,1088.14,2025-08-26
T000557,C59816,Mouse,ELECTRONICS,1933.84,2025-12-03
T000558,C19634,Mouse,ELECTRONICS,680.91,2025-11-11
T000559,C93086,Keyboard,Electronics,1853.04,2025-11-27
T000560,C21995,Laptop,electronics,2358.26,2025-10-26
T000561,C45358,Mouse,ELECTRONICS,344.28,2025-12-31
T000562,C83005,Phone Charger,Accessories,1288.42,2026-01-21
T000563,TEST012,Phone Charger,Accessories,18.38,
T000564,C60493,Laptop,electronics,740.24,2025-11-09
T000565,C83339,Stapler,OFFICE SUPPLIES,2481.93,2025-12-16
T000566,C32227,Desk Lamp,office supplies,961.12,2026-01-12
T000567,C45180,HDMI Cable,ACCESSORIES,377.65,2026-01-05
T000568,C65194,Webcam,ELECTRONICS,1218.31,2026-01-28
T000569,C42321,Office Chair,OFFICE SUPPLIES,1568.21,2025-09-17
T000570,C70012,Mouse,ELECTRONICS,351.69,2026-02-15
T000571,C53544,Pen Set,office supplies,1556.18,2025-11-24
T000572,C66441,Pen Set,office supplies,2061.49,2025-09-03
T000573,C27842,Webcam,ELECTRONICS,811.85,2025-08-23
T000574,C51180,Keyboard,Electronics,2411.97,2025-11-27
T000575,C92955,HDMI Cable,ACCESSORIES,2419.89,2025-12-16
T000576,C46739,Pen Set,office supplies,1967.88,2025-11-15
T000577,C83905,Monitor,electronics,1486.68,2025-09-30
T000578,C82102,Laptop,electronics,2383.22,2025-10-21
T000579,C37479,HDMI Cable,ACCESSORIES,1997.25,2025-08-23
T000580,TEST014,Desk Lamp,office supplies,54.94,2025-09-07
T000581,C43119,Desk Lamp,office supplies,398.05,2025-10-31
T000582,C19694,HDMI Cable,ACCESSORIES,2476.89,2025-10-17
T000583,C80040,Phone Charger,Accessories,2309.89,2025-08-23
T000584,C14818,Notebook,Office Supplies,2421.54,2025-08-21
T000585,C80373,Laptop Bag,accessories,1600.88,2026-01-26
T000586,C42536,Desk Lamp,office supplies,1666.76,2026-01-05
T000587,C15806,Laptop Bag,accessories,2459.27,2025-08-27
T000588,C53463,Notebook,Office Supplies,1084.68,2026-02-14
T000589,TEST008,Phone Charger,Accessories,77.22,2025-09-27
T000590,C85397,Monitor,electronics,1122.76,2025-11-08
T000591,C99070,Laptop Bag,accessories,1730.74,2026-01-09
T000592,C13219,HDMI Cable,ACCESSORIES,274.81,2025-11-02
T000593,C21253,Mouse,ELECTRONICS,2080.82,2026-01-11
T000594,C54966,HDMI Cable,ACCESSORIES,1963.91,2025-10-06
T000595,C72411,Mouse,ELECTRONICS,1103.84,2025-08-22
T000596,C18804,Webcam,ELECTRONICS,126.04,2026-01-18
T000597,TEST011,Desk Lamp,office supplies,19.84,2026-01-05
T000598,C41970,Phone Charger,Accessories,448.52,2026-01-07
T000599,C65885,HDMI Cable,ACCESSORIES,591.16,2025-11-05
T000600,C34430,Desk Lamp,office supplies,1648.41,2025-11-07
T000601,TEST020,Stapler,OFFICE SUPPLIES,27.76,2025-09-18
T000602,C10583,Office Chair,OFFICE SUPPLIES,548.77,2025-12-07
T000603,C18200,Laptop Bag,accessories,267.85,2025-10-02
T000604,C52727,Monitor,electronics,1152.01,2025-12-11
T000605,C74157,Phone Charger,Accessories,2415.3,2025-11-28
T000606,C90125,USB Cable,accessories,1473.71,2025-11-19
T000607,C70012,Laptop Bag,accessories,443.73,2025-08-28
T000608,C48986,Stapler,OFFICE SUPPLIES,1541.99,2026-01-26
T000609,C51049,Mouse,ELECTRONICS,607.85,2026-01-18
T000610,C28528,Phone Charger,Accessories,980.33,2025-09-17
T000611,C60293,USB Cable,accessories,476.6,2025-09-07
T000612,C94575,Stapler,OFFICE SUPPLIES,2499.75,2025-09-27
T000613,C47858,Keyboard,Electronics,479.94,2025-10-24
T000614,C57059,Laptop,electronics,1219.25,2025-12-29
T000615,C83607,Phone Charger,Accessories,1637.88,2025-11-04
T000616,C64477,Office Chair,OFFICE SUPPLIES,2102.13,2025-10-14
T000617,C84107,Laptop,electronics,1992.76,2025-12-22
T000618,C46025,Monitor,electronics,1350.96,2026-01-04
T000619,C84140,Office Chair,OFFICE SUPPLIES,1934.78,2025-10-13
T000620,C24838,Laptop Bag,accessories,298.8,2025-09-30
T000621,C58085,Phone Charger,Accessories,2059.19,2026-02-06
T000622,C67850,Phone Charger,Accessories,558.08,2025-10-31
T000623,C95678,Notebook,Office Supplies,630.12,2026-02-08
T000624,C55688,Pen Set,office supplies,2044.57,2025-10-27
T000625,C25386,Notebook,Office Supplies,2032.54,2025-12-25
T000626,C87060,Office Chair,OFFICE SUPPLIES,886.32,2025-09-13
T000627,C31755,Laptop Bag,accessories,,2025-12-26
T000628,C17780,Laptop Bag,accessories,886.78,2025-12-07
T000629,C32069,Headphones,Electronics,2447.82,2025-12-04
T000630,C45041,Pen Set,office supplies,1293.32,2025-08-27
T000631,C27771,Notebook,Office Supplies,1967.44,2026-02-01
T000632,C95969,Keyboard,Electronics,1758.04,2026-01-14
T000633,C52217,Pen Set,office supplies,630.17,2025-08-27
T000634,C28634,Laptop Bag,accessories,1586.52,2025-09-09
T000635,C69243,Mouse,ELECTRONICS,1589.56,2026-01-24
T000636,C46467,Office Chair,OFFICE SUPPLIES,2341.8,2025-11-14
T000637,C73968,Headphones,Electronics,,2026-01-24
T000638,C70089,Desk Lamp,office supplies,1665.4,2025-11-17
T000639,C80048,USB Cable,accessories,556.31,2025-10-30
T000640,C74843,Webcam,ELECTRONICS,817.32,2025-12-06
T000641,C85750,Keyboard,Electronics,1421.86,2025-10-15
T000642,C99463,Notebook,Office Supplies,135.3,2026-01-22
T000643,C70238,Laptop,electronics,323.73,2026-01-07
T000644,C10088,USB Cable,accessories,517.76,2025-08-24
T000645,C95196,Webcam,ELECTRONICS,410.06,2025-12-08
T000646,TEST012,Webcam,ELECTRONICS,17.42,2025-08-30
T000647,C31695,Laptop,electronics,999.91,2025-11-30
T000648,C40689,USB Cable,accessories,1643.88,2025-08-20
T000649,TEST007,HDMI Cable,ACCESSORIES,17.01,2025-09-18
T000650,C99126,HDMI Cable,ACCESSORIES,38.08,2025-08-22
T000651,C25806,Pen Set,office supplies,1064.45,2026-01-14
T000652,C40008,USB Cable,accessories,236.99,2026-01-21
T000653,C58177,Stapler,OFFICE SUPPLIES,758.65,2025-11-11
T000654,C27451,Desk Lamp,office supplies,2482.46,2026-01-11
T000655,TEST019,Laptop,electronics,64.93,2026-01-05
T000656,C37925,Desk Lamp,office supplies,1874.45,2025-11-03
T000657,C67984,Pen Set,office supplies,554.85,2026-01-22
T000658,C26142,Laptop Bag,accessories,1829.07,2025-11-19
T000659,C51222,Notebook,Office Supplies,362.48,2025-12-08
T000660,C42527,Phone Charger,Accessories,1508.48,2025-09-14
T000661,C13515,Pen Set,office supplies,,2025-12-01
T000662,C89551,Phone Charger,Accessories,483.79,2025-11-08
T000663,C17152,Notebook,Office Supplies,2246.31,2025-12-17
T000664,C24777,Monitor,electronics,1256.46,2025-09-17
T000665,TEST001,Headphones,Electronics,94.05,2026-01-14
T000666,C84498,USB Cable,accessories,923.05,2025-08-26
T000667,C71736,Notebook,Office Supplies,196.38,2025-09-19
T000668,TEST009,Monitor,electronics,13.58,2026-02-01
T000669,C62163,Phone Charger,Accessories,726.92,2025-10-11
T000670,C65518,Office Chair,OFFICE SUPPLIES,1014.66,2025-09-06
T000671,C90746,Keyboard,Electronics,704.51,2025-11-29
T000672,TEST007,Notebook,Office Supplies,23.98,2025-11-25
T000673,C93138,Notebook,Office Supplies,2088.8,2025-08-26
T000674,C50654,Office Chair,OFFICE SUPPLIES,1102.15,2025-12-17
T000675,TEST003,Stapler,OFFICE SUPPLIES,49.1,2025-10-23
T000676,C17212,Webcam,ELECTRONICS,1670.21,2025-09-01
T000677,C25655,Laptop,electronics,1774.13,2025-08-21
T000678,TEST016,Headphones,Electronics,57.07,2025-12-12
T000679,C26637,Office Chair,OFFICE SUPPLIES,,2025-12-10
T000680,C25473,Notebook,Office Supplies,2251.25,2025-11-23
T000681,C45649,Phone Charger,Accessories,173.72,2025-09-22
T000682,C75031,HDMI Cable,ACCESSORIES,1284.29,2026-02-02
T000683,C84302,Keyboard,Electronics,928.7,2025-12-13
T000684,C85223,Desk Lamp,office supplies,1811.1,2025-12-20
T000685,C10336,Laptop,electronics,2148.84,2026-02-13
T000686,C71835,Headphones,Electronics,966.7,
T000687,C14635,Phone Charger,Accessories,2010.74,2025-09-02
T000688,C52179,Monitor,electronics,1049.4,2025-11-27
T000689,C20208,Laptop Bag,accessories,941.43,2025-10-11
T000690,C16903,Keyboard,Electronics,569.61,2025-10-07
T000691,C62550,Mouse,ELECTRONICS,2194.32,2025-12-06
T000692,C50723,Headphones,Electronics,229.67,2025-10-23
T000693,TEST007,Webcam,ELECTRONICS,60.74,
T000694,C41795,HDMI Cable,ACCESSORIES,930.16,2025-10-13
T000695,C35614,Office Chair,OFFICE SUPPLIES,2252.6,2025-12-16
T000696,C63744,Laptop,electronics,594.0,2025-11-20
T000697,C11257,Headphones,Electronics,18.63,2025-09-01
T000698,C50306,Mouse,ELECTRONICS,524.91,2025-12-18
T000699,C17850,Keyboard,Electronics,1783.46,2026-01-24
T000700,TEST008,Stapler,OFFICE SUPPLIES,86.1,2025-11-03
T000701,C58823,HDMI Cable,ACCESSORIES,2436.77,2026-01-26
T000702,C76247,Keyboard,Electronics,1598.48,2025-11-08
T000703,TEST019,Laptop,electronics,49.15,2026-01-14
T000704,C44208,Pen Set,office supplies,797.8,2025-11-08
T000705,C52762,Headphones,Electronics,1140.1,2025-12-19
T000706,TEST007,Keyboard,Electronics,80.19,2025-09-20
T000707,C23848,Keyboard,Electronics,1132.17,2025-11-28
T000708,C80244,Headphones,Electronics,2412.12,2025-12-25
T000709,C70731,Webcam,ELECTRONICS,2133.42,2026-01-24
T000710,C99922,Webcam,ELECTRONICS,2068.57,2025-08-22
T000711,C38183,Pen Set,office supplies,2143.58,2026-01-10
T000712,TEST008,Headphones,Electronics,45.66,2026-02-04
T000713,C44100,Pen Set,office supplies,2476.83,2026-02-09
T000714,C69270,Phone Charger,Accessories,1873.97,2025-12-15
T000715,TEST004,Notebook,Office Supplies,81.44,2026-01-16
T000716,TEST008,Keyboard,Electronics,27.83,2025-11-06
T000717,C92614,Desk Lamp,office supplies,223.84,2025-09-19
T000718,C19828,Laptop,electronics,2492.95,2025-12-28
T000719,C68121,Notebook,Office Supplies,335.05,2025-11-24
T000720,C70423,Laptop,electronics,432.45,2025-09-23
T000721,C61773,HDMI Cable,ACCESSORIES,88.26,2025-08-26
T000722,C56392,Monitor,electronics,2272.14,2025-12-08
T000723,C29481,Laptop,electronics,1541.05,2025-09-12
T000724,C48680,HDMI Cable,ACCESSORIES,1038.8,2025-09-29
T000725,C21497,Webcam,ELECTRONICS,966.79,2025-11-01
T000726,C78919,Monitor,electronics,1582.42,2025-09-30
T000727,C60134,Notebook,Office Supplies,1787.73,2025-10-17
T000728,C73527,Headphones,Electronics,2283.0,2025-10-11
T000729,C45446,Keyboard,Electronics,79.77,2025-09-17
T000730,C46822,Laptop,electronics,2024.5,
T000731,C86544,Monitor,electronics,2435.34,2026-01-22
T000732,C41608,Webcam,ELECTRONICS,1341.22,2026-02-02
T000733,C38758,Laptop Bag,accessories,2118.57,2025-11-09
T000734,C32768,Keyboard,Electronics,602.83,2025-11-27
T000735,C57026,Stapler,OFFICE SUPPLIES,1485.03,2025-08-20
T000736,C84403,Laptop Bag,accessories,368.12,2025-12-30
T000737,C74517,Phone Charger,Accessories,783.0,2025-10-14
T000738,TEST002,Monitor,electronics,,2026-02-11
T000739,C10089,Headphones,Electronics,2295.97,
T000740,C54663,Office Chair,OFFICE SUPPLIES,455.99,2025-11-26
T000741,TEST005,Laptop Bag,accessories,,2026-01-11
T000742,C78982,Pen Set,office supplies,921.75,2026-01-29
T000743,C96787,USB Cable,accessories,1471.25,2025-11-22
T000744,C27884,Keyboard,Electronics,1834.89,2025-10-28
T000745,C73858,Desk Lamp,office supplies,803.45,2025-09-26
T000746,C90440,Notebook,Office Supplies,901.71,2025-08-30
T000747,C32983,USB Cable,accessories,777.46,2025-08-24
T000748,C33292,Office Chair,OFFICE SUPPLIES,19.47,2025-08-21
T000749,C61327,Pen Set,office supplies,2485.79,2025-09-24
T000750,TEST020,Headphones,Electronics,92.89,2025-09-13
T000751,C84127,Mouse,ELECTRONICS,2342.67,2026-01-11
T000752,C20198,Monitor,electronics,876.82,2025-11-27
T000753,C21629,Pen Set,office supplies,1776.78,2025-09-06
T000754,C54007,HDMI Cable,ACCESSORIES,43.32,2025-12-25
T000755,C18885,Headphones,Electronics,652.79,2026-01-20
T000756,C16310,USB Cable,accessories,1103.98,2025-11-01
T000757,C64266,HDMI Cable,ACCESSORIES,2206.2,2025-11-19
T000758,C23294,Pen Set,office supplies,1206.53,2025-09-22
T000759,C39567,Keyboard,Electronics,1136.45,2026-02-08
T000760,C51774,Webcam,ELECTRONICS,2379.88,2026-01-29
T000761,C59212,Keyboard,Electronics,1833.98,2025-09-29
T000762,C22203,Headphones,Electronics,,2025-09-12
T000763,C14062,USB Cable,accessories,2356.97,2026-01-05
T000764,C66911,Keyboard,Electronics,148.09,2025-11-24
T000765,C34901,USB Cable,accessories,1747.53,2025-10-01
T000766,C46899,Webcam,ELECTRONICS,605.31,2026-02-04
T000767,C82045,Pen Set,office supplies,1235.01,2026-02-03
T000768,C66047,Mouse,ELECTRONICS,746.96,2025-08-31
T000769,C72957,Monitor,electronics,256.01,2025-12-26
T000770,C48248,Mouse,ELECTRONICS,1191.82,2026-01-18
T000771,C62096,HDMI Cable,ACCESSORIES,1230.41,2025-08-31
T000772,C94130,Phone Charger,Accessories,978.0,2025-11-14
T000773,C58418,Keyboard,Electronics,1122.75,2025-12-11
T000774,C44524,Monitor,electronics,2095.14,2025-09-25
T000775,TEST004,Mouse,ELECTRONICS,70.13,2025-10-01
T000776,C87296,Monitor,electronics,1390.7,2025-11-09
T000777,C64870,Phone Charger,Accessories,1722.36,2025-10-18
T000778,C40886,HDMI Cable,ACCESSORIES,757.65,2025-11-07
T000779,C14551,Phone Charger,Accessories,1434.48,2025-10-07
T000780,C98805,Laptop Bag,accessories,381.41,2025-10-25
T000781,C31910,Monitor,electronics,2024.02,2026-01-15
T000782,TEST003,Desk Lamp,office supplies,49.19,2025-09-09
T000783,C87994,Webcam,ELECTRONICS,809.58,2026-01-30
T000784,TEST018,USB Cable,accessories,59.68,2025-12-08
T000785,C11620,Notebook,Office Supplies,1755.52,2025-09-19
T000786,C64997,Mouse,ELECTRONICS,1044.89,2026-01-10
T000787,C86372,Notebook,Office Supplies,2412.61,2026-01-22
T000788,C83752,Notebook,Office Supplies,265.96,2025-12-05
T000789,C55071,Stapler,OFFICE SUPPLIES,1036.06,2025-11-10
T000790,C84976,Laptop Bag,accessories,1190.52,2026-01-03
T000791,C28855,Laptop Bag,accessories,1527.51,2025-08-23
T000792,C61877,Stapler,OFFICE SUPPLIES,2199.21,2025-08-24
T000793,C72287,Stapler,OFFICE SUPPLIES,682.43,2025-11-13
T000794,TEST010,Webcam,ELECTRONICS,35.23,2025-10-14
T000795,C99764,Mouse,ELECTRONICS,2431.65,2025-12-20
T000796,C68079,Notebook,Office Supplies,2067.17,2025-12-10
T000797,C89295,Desk Lamp,office supplies,236.88,2025-10-26
T000798,C63368,Office Chair,OFFICE SUPPLIES,1218.88,2025-10-07
T000799,C17367,Phone Charger,Accessories,1981.85,2026-01-31
T000800,C76426,USB Cable,accessories,352.09,2025-10-05
T000801,C13794,Keyboard,Electronics,494.02,2025-12-27
T000802,C42701,Laptop,electronics,1149.27,2025-11-16
T000803,C45910,Headphones,Electronics,2061.41,2025-10-10
T000804,C26236,Desk Lamp,office supplies,90.95,2025-11-13
T000805,C68471,Keyboard,Electronics,2401.89,2025-10-18
T000806,C55843,Headphones,Electronics,421.33,2025-12-12
T000807,C21847,Webcam,ELECTRONICS,83.21,2026-02-04
T000808,C85007,Notebook,Office Supplies,2412.82,2025-12-22
T000809,C98826,Monitor,electronics,683.67,2025-11-04
T000810,C99417,Laptop,electronics,1193.13,2026-01-14
T000811,C88792,Notebook,Office Supplies,36.03,2025-12-14
T000812,C50037,Office Chair,OFFICE SUPPLIES,,2025-09-05
T000813,C59345,Pen Set,office supplies,881.54,2025-12-14
T000814,C49602,Desk Lamp,office supplies,1308.79,2025-09-10
T000815,C23410,Laptop,electronics,1286.11,2025-08-31
T000816,C59051,Phone Charger,Accessories,1623.65,2025-09-14
T000817,C99707,Mouse,ELECTRONICS,1212.12,2025-11-22
T000818,C93964,Headphones,Electronics,2155.81,2025-12-12
T000819,C95389,Webcam,ELECTRONICS,483.07,2025-10-07
T000820,C17441,Notebook,Office Supplies,2145.43,2025-09-16
T000821,C51888,Desk Lamp,office supplies,362.72,2026-02-10
T000822,C48745,Webcam,ELECTRONICS,2268.68,2025-11-05
T000823,C14629,Laptop Bag,accessories,1774.55,2025-09-23
T000824,C54979,Office Chair,OFFICE SUPPLIES,1787.72,2025-08-25
T000825,C72355,Stapler,OFFICE SUPPLIES,2352.56,2025-11-17
T000826,C32280,Pen Set,office supplies,1649.17,2025-09-27
T000827,C22793,HDMI Cable,ACCESSORIES,332.94,2025-12-12
T000828,C83273,Notebook,Office Supplies,2282.87,2025-08-26
T000829,C95778,Mouse,ELECTRONICS,567.3,2025-12-21
T000830,C50250,USB Cable,accessories,1973.4,2025-11-24
T000831,C86751,Webcam,ELECTRONICS,1167.45,2026-01-17
T000832,C93151,Laptop Bag,accessories,1457.08,2025-09-11
T000833,TEST007,Phone Charger,Accessories,20.78,2025-08-26
T000834,C49106,USB Cable,accessories,149.34,2026-01-09
T000835,C36253,Headphones,Electronics,1031.84,2025-09-24
T000836,C69974,Keyboard,Electronics,801.21,2026-01-01
T000837,C73908,Headphones,Electronics,1583.12,2026-01-02
T000838,C17603,Laptop,electronics,1138.35,2025-12-25
T000839,C32099,Laptop Bag,accessories,1914.74,2025-10-14
T000840,C21539,Keyboard,Electronics,1541.98,2025-09-07
T000841,C66233,HDMI Cable,ACCESSORIES,967.54,2026-02-07
T000842,C58903,Laptop,electronics,2231.64,2025-10-04
T000843,C98702,Laptop,electronics,1572.32,2025-12-15
T000844,C55134,Webcam,ELECTRONICS,335.39,2025-11-10
T000845,C50123,Keyboard,Electronics,177.24,2026-02-05
T000846,C48119,HDMI Cable,ACCESSORIES,1823.66,2025-09-17
T000847,C66841,Stapler,OFFICE SUPPLIES,1721.65,2026-01-13
T000848,C74248,Headphones,Electronics,1879.04,2026-01-05
T000849,C62873,Laptop,electronics,582.62,2026-01-14
T000850,C12872,Laptop Bag,accessories,1269.01,2026-01-16
T000851,C95267,Notebook,Office Supplies,107.85,2025-09-06
T000852,C80088,Laptop Bag,accessories,135.74,2026-02-04
T000853,C95664,Pen Set,office supplies,64.06,2025-08-24
T000854,C68237,USB Cable,accessories,322.13,2025-12-14
T000855,C30070,Monitor,electronics,1742.55,2025-09-08
T000856,TEST014,Desk Lamp,office supplies,19.09,2025-10-06
T000857,C89381,Office Chair,OFFICE SUPPLIES,355.85,2026-01-21
T000858,C90962,Mouse,ELECTRONICS,717.53,2026-01-20
T000859,C89823,Monitor,electronics,1948.23,2025-10-06
T000860,C56913,Office Chair,OFFICE SUPPLIES,,2026-01-06
T000861,TEST016,Stapler,OFFICE SUPPLIES,28.69,2025-10-16
T000862,C10358,Laptop,electronics,1684.01,2026-01-19
T000863,C97690,HDMI Cable,ACCESSORIES,385.62,2026-01-24
T000864,C19836,Office Chair,OFFICE SUPPLIES,1813.09,2025-12-13
T000865,C69867,Webcam,ELECTRONICS,671.35,2026-02-04
T000866,TEST006,Pen Set,office supplies,13.55,2025-12-04
T000867,C98705,Headphones,Electronics,1073.6,2026-01-18
T000868,TEST002,Laptop,electronics,86.68,2025-08-31
T000869,C53078,Headphones,Electronics,2237.9,2025-09-10
T000870,C22183,Headphones,Electronics,2040.19,2026-01-01
T000871,C62461,HDMI Cable,ACCESSORIES,690.51,2025-11-10
T000872,C72684,Notebook,Office Supplies,1063.02,2026-01-05
T000873,C17686,Pen Set,office supplies,411.1,2025-11-02
T000874,C73265,Notebook,Office Supplies,1428.82,2025-10-27
T000875,C59774,Notebook,Office Supplies,906.12,2026-02-09
T000876,C27125,HDMI Cable,ACCESSORIES,2302.19,2026-01-19
T000877,C67761,Laptop,electronics,172.39,2025-09-02
T000878,C98857,Phone Charger,Accessories,1922.31,2025-09-22
T000879,C39358,Desk Lamp,office supplies,2184.76,2025-10-07
T000880,C91033,Mouse,ELECTRONICS,1090.63,2025-12-15
T000881,C96993,Desk Lamp,office supplies,1608.89,2026-01-09
T000882,C83183,Stapler,OFFICE SUPPLIES,2469.66,2026-02-03
T000883,TEST006,Phone Charger,Accessories,86.4,2025-10-13
T000884,C19812,Notebook,Office Supplies,,2025-12-17
T000885,C46458,Laptop,electronics,1274.72,2025-09-29
T000886,C62858,Pen Set,office supplies,598.97,2025-10-22
T000887,C85108,HDMI Cable,ACCESSORIES,233.73,2025-10-12
T000888,C25559,HDMI Cable,ACCESSORIES,1866.92,2026-02-12
T000889,C64046,Laptop,electronics,1399.47,2026-02-16
T000890,C89194,Laptop Bag,accessories,1599.28,2025-10-09
T000891,C95799,Desk Lamp,office supplies,1148.68,2025-11-21
T000892,C17113,Pen Set,office supplies,568.95,2025-10-23
T000893,C91232,Laptop Bag,accessories,1190.74,2025-09-01
T000894,C69314,Mouse,ELECTRONICS,257.13,2025-09-01
T000895,C54742,Headphones,Electronics,2077.26,2025-12-04
T000896,C59006,Office Chair,OFFICE SUPPLIES,279.21,2026-01-05
T000897,C63636,Mouse,ELECTRONICS,646.91,2025-12-28
T000898,C61497,Monitor,electronics,1150.76,2025-12-30
T000899,C24125,Notebook,Office Supplies,1044.96,2025-09-07
T000900,C87176,Mouse,ELECTRONICS,,2025-10-24
T000901,C87242,Phone Charger,Accessories,349.57,2025-10-12
T000902,TEST002,Phone Charger,Accessories,94.18,2025-09-20
T000903,C76628,Notebook,Office Supplies,2304.09,2026-01-02
T000904,C32760,Office Chair,OFFICE SUPPLIES,2040.88,2026-01-21
T000905,C88714,Laptop Bag,accessories,2208.5,2025-10-10
T000906,C64875,Laptop Bag,accessories,2291.04,2025-12-15
T000907,C54939,Webcam,ELECTRONICS,1140.32,2026-01-13
T000908,C88974,Office Chair,OFFICE SUPPLIES,2217.8,2025-10-08
T000909,C81802,Pen Set,office supplies,795.07,2025-09-28
T000910,C36330,Monitor,electronics,1566.06,2025-12-04
T000911,C98129,Keyboard,Electronics,2453.62,2025-09-03
T000912,C33306,Phone Charger,Accessories,1363.09,2025-09-06
T000913,C25126,Notebook,Office Supplies,890.31,2025-10-17
T000914,C97445,Office Chair,OFFICE SUPPLIES,1052.43,2025-10-03
T000915,C65363,Notebook,Office Supplies,46.73,2026-01-20
T000916,TEST005,Laptop,electronics,70.32,2025-12-27
T000917,C31094,Webcam,ELECTRONICS,1713.22,2026-01-10
T000918,C48684,Monitor,electronics,1887.68,2026-02-08
T000919,C69322,Mouse,ELECTRONICS,1546.03,2025-08-28
T000920,C39400,Office Chair,OFFICE SUPPLIES,1623.09,2025-11-09
T000921,C47701,Office Chair,OFFICE SUPPLIES,1666.27,2025-11-11
T000922,C99803,Headphones,Electronics,2415.1,2026-02-03
T000923,TEST009,Monitor,electronics,65.85,2025-10-26
T000924,C93071,Office Chair,OFFICE SUPPLIES,1778.22,2025-11-14
T000925,C81645,Office Chair,OFFICE SUPPLIES,1514.42,
T000926,C33255,Desk Lamp,office supplies,200.06,2026-01-03
T000927,C25643,USB Cable,accessories,115.98,2025-12-07
T000928,C27048,Keyboard,Electronics,1466.21,2025-12-13
T000929,TEST015,Office Chair,OFFICE SUPPLIES,94.37,2026-02-06
T000930,C52287,Laptop Bag,accessories,141.38,2025-09-09
T000931,C96755,Webcam,ELECTRONICS,1234.02,2025-09-23
T000932,C19552,Notebook,Office Supplies,1773.59,2025-10-05
T000933,C34100,Phone Charger,Accessories,184.42,2025-10-10
T000934,C81182,Phone Charger,Accessories,1017.49,2025-11-19
T000935,C37964,Desk Lamp,office supplies,839.73,2025-11-16
T000936,C91039,Phone Charger,Accessories,1195.02,2025-09-26
T000937,C95105,Laptop,electronics,300.08,2025-11-20
T000938,C94182,Laptop Bag,accessories,2297.74,2025-12-16
T000939,C99463,Stapler,OFFICE SUPPLIES,,2026-01-18
T000940,C80809,Office Chair,OFFICE SUPPLIES,717.83,2025-10-07
T000941,C59146,Phone Charger,Accessories,2010.0,2025-10-25
T000942,C48854,Stapler,OFFICE SUPPLIES,1634.05,2025-11-26
T000943,C22577,Keyboard,Electronics,2429.5,2025-10-02
T000944,C92173,Mouse,ELECTRONICS,538.79,2025-09-08
T000945,C99837,USB Cable,accessories,2091.63,2025-12-26
T000946,C67047,Desk Lamp,office supplies,2044.63,2026-01-29
T000947,C30152,Laptop,electronics,1156.17,2025-11-24
T000948,TEST003,Laptop,electronics,26.02,2025-12-14
T000949,C85361,Pen Set,office supplies,580.7,2025-12-12
T000950,C69129,Desk Lamp,office supplies,1020.05,2025-11-28
T000951,TEST004,Phone Charger,Accessories,10.53,2025-09-11
T000952,TEST019,Laptop,electronics,73.08,2026-01-29
T000953,C75907,Mouse,ELECTRONICS,735.24,2025-08-25
T000954,C21338,Webcam,ELECTRONICS,1916.71,2025-10-27
T000955,C96602,Laptop,electronics,1192.86,2025-10-03
T000956,C61248,Notebook,Office Supplies,1996.75,2025-09-30
T000957,C93105,Keyboard,Electronics,755.67,2025-09-04
T000958,C11461,Phone Charger,Accessories,2188.8,2026-01-11
T000959,C10659,Laptop Bag,accessories,1497.69,2025-10-02
T000960,C21157,Webcam,ELECTRONICS,536.98,2025-11-20
T000961,C94663,Pen Set,office supplies,1288.69,2026-01-06
T000962,C90856,Pen Set,office supplies,643.06,2026-01-18
T000963,C84356,Pen Set,office supplies,150.15,2025-09-29
T000964,C82045,Mouse,ELECTRONICS,737.27,2026-01-30
T000965,C35875,Office Chair,OFFICE SUPPLIES,1457.78,2025-11-24
T000966,C97988,Desk Lamp,office supplies,597.81,2025-12-06
T000967,C35362,Headphones,Electronics,1222.37,2025-11-24
T000968,C50065,Office Chair,OFFICE SUPPLIES,1466.66,2025-09-25
T000969,C51462,USB Cable,accessories,434.07,2025-11-28
T000970,C39035,Office Chair,OFFICE SUPPLIES,1853.44,2025-10-28
T000971,C57118,Keyboard,Electronics,1703.76,2025-11-24
T000972,C70666,HDMI Cable,ACCESSORIES,906.47,2025-11-30
T000973,C24264,Keyboard,Electronics,1619.2,2026-01-27
T000974,C28350,Stapler,OFFICE SUPPLIES,,2025-12-11
T000975,C92132,Mouse,ELECTRONICS,1822.65,2026-02-12
T000976,C92788,Laptop,electronics,2034.42,2025-09-21
T000977,C87337,Monitor,electronics,2267.16,2025-09-28
T000978,C80736,HDMI Cable,ACCESSORIES,1639.96,2026-01-09
T000979,C39269,Stapler,OFFICE SUPPLIES,1933.78,2025-12-04
T000980,C75683,Phone Charger,Accessories,240.03,2025-11-15
T000981,C96858,Monitor,electronics,2122.23,2025-09-12
T000982,C77388,Keyboard,Electronics,1123.86,2026-01-02
T000983,C84162,Desk Lamp,office supplies,2182.4,2026-01-10
T000984,C73373,Headphones,Electronics,115.44,2025-10-15
T000985,C44649,Headphones,Electronics,596.54,2025-08-29
T000986,C57349,USB Cable,accessories,1182.14,2025-10-23
T000987,C15230,Desk Lamp,office supplies,820.32,2025-08-20
T000988,C93042,Pen Set,office supplies,694.64,2025-12-11
T000989,C84732,Keyboard,Electronics,951.0,2025-11-12
T000990,C95634,Stapler,OFFICE SUPPLIES,2091.14,2025-10-07
T000991,C39215,Phone Charger,Accessories,1023.52,2025-11-20
T000992,C73191,Stapler,OFFICE SUPPLIES,1516.46,2025-10-11
T000993,C67658,Keyboard,Electronics,586.53,2025-10-08
T000994,C37723,Keyboard,Electronics,479.46,2025-11-16
T000995,C25509,Desk Lamp,office supplies,587.41,2025-11-24
T000996,C73113,Desk Lamp,office supplies,1204.85,2025-12-25
T000997,C94837,Pen Set,office supplies,1036.08,2025-12-16
T000998,TEST019,Laptop Bag,accessories,24.5,2025-09-08
T000999,C85008,Keyboard,Electronics,153.94,2025-12-12
T001000,C77717,USB Cable,accessories,1504.4,2025-09-25
